file,title,word_count,proposed_tags,category,draft_if_short
2011-07-28-rt-emilio_diez-curioso-cartel-publicitario-de.md,RT @emilio_diez: Curioso cartel publicitario de...,18,emilio;diez;curioso;cartel;publicitario,General,yes
2011-11-03-rt-hectorsm-desde-ayer-se-estn-distribuyendo.md,RT @hectorsm: Desde ayer se est√°n distribuyendo...,28,hectorsm;desde;ayer;est;distribuyendo,General,yes
2012-04-17-lista-de-google-groups.md,Lista de Google Groups,127,lista;google;groups,General,yes
2012-06-28-rt-vazqueznaya-urge-contratar-ingeniero-infor.md,RT @vazqueznaya: Urge contratar Ingeniero Infor...,17,vazqueznaya;urge;contratar;ingeniero;infor,General,yes
2013-04-27-i-just-uploaded-catro-dous-adrianmoreno-on-sl.md,I just uploaded \,8,uploaded,General,yes
2013-12-21-httplnkdindeg9why.md,http://lnkd.in/dEg9wHy,4,http;lnkd;deg,General,yes
2013-12-21-transparencia-por-defecto.md,Transparencia por defecto,7,transparencia;por;defecto,General,yes
2014-02-08-en-softwhisper-buscan-a-un-developers-para-trab.md,En Softwhisper buscan a un developers para trab...,22,developer;softwhisper;buscan;para;trab,Engineering & Product,yes
2014-02-23-and-in-an-age-when-innovation-is-increasingly-a.md,And in an age when innovation is increasingly a...,42,age;innovation;increasingly,General,yes
2014-03-02-internet-est-controlado-por-14-personas.md,Internet est√° controlado por 14 personas...,10,internet;est;controlado;por;personas,General,yes
2014-03-12-a-ver-qu-tal-va-el-invento-con-el-referal-c.md,A ver qu√© tal va el invento... con el referal c...,22,ver;tal;invento;con;referal,General,yes
2014-04-08-una-respuesta-rpida-a-cada-vdeo-de-matt-cutts.md,Una respuesta r√°pida a cada v√≠deo de Matt Cutts...,20,una;respuesta;pida;cada;deo,General,yes
2014-08-06-en-zadia-software-buscamos-gente-para-trabajar.md,En Zadia Software buscamos gente para trabajar ...,83,software;zadia;buscamos;gente;para,Engineering & Product,yes
2014-10-17-experiencia-con-javaen-setpay-buscan-un-par-de.md,Experiencia con Java?En SetPay buscan un par de...,21,experiencia;con;java;setpay;buscan,General,yes
2014-12-09-para-los-del-mundillo-del-marketing-en-corua.md,"Para los del mundillo del marketing, en Coru√±a!",8,para;los;del;mundillo;marketing,General,yes
2014-12-15-en-bahia-software-estn-buscando-varios-perfile.md,En Bahia Software est√°n buscando varios perfile...,18,software;bahia;est;buscando;varios,Engineering & Product,yes
2014-12-22-trabajos-varios-en-cartodb.md,Trabajos varios en CartoDB!,13,trabajos;varios;cartodb,General,yes
2015-01-13-atentos-webdevs-y-rubystas.md,"Atentos, webdevs y rubystas!",22,atentos;webdevs;rubystas,General,yes
2015-01-13-buen-sitio-para-trabajar-en-la-zona-de-corua.md,"Buen sitio para trabajar en la zona de Coru√±a, ...",22,buen;sitio;para;trabajar;zona,General,yes
2015-01-22-esto-es-fantstico-javascrip-para-automatizar.md,Esto es fant√°stico! Javascrip para automatizar ...,11,esto;fant;stico;javascrip;para,General,yes
2015-01-22-esto-es-fantsticojavascrip-para-automatizar-t.md,Esto es fant√°stico!Javascrip para automatizar t...,11,esto;fant;stico;javascrip;para,General,yes
2015-03-08-para-los-devs-en-la-zona-de-galicia-o-que-les.md,Para los devs en la zona de Galicia (o que les ...,23,para;los;devs;zona;galicia,General,yes
2015-04-06-knowing-how-to-program-for-ios-makes-programmin.md,Knowing how to program for iOS makes programmin...,82,knowing;program;ios;makes;programmin,General,no
2015-04-22-gran-lugar-equipo-y-proyecto-para-trabajar-en.md,"Gran lugar, equipo y proyecto para trabajar en ...",14,gran;lugar;equipo;proyecto;para,General,yes
2015-05-21-want-to-learn-a-little-bit-about-mobile-apps-mo.md,Want to learn a little bit about mobile apps mo...,18,learn;little;bit;mobile;apps,General,yes
2015-06-10-i-like-the-evolutive-changes-introduced-by-appl.md,I like the evolutive changes introduced by Appl...,52,like;evolutive;changes;introduced;appl,General,no
2015-07-07-at-the-mobile-company-we-are-looking-for-a-desi.md,At The Mobile Company we are looking for a desi...,24,company;mobile;desi,General,yes
2015-08-21-are-you-into-the-mobile-industry-and-want-to-wo.md,Are you into the mobile industry and want to wo...,27,mobile;industry,General,yes
2015-08-26-thoughts-about-financing-options-for-someone-th.md,Thoughts about financing options for someone th...,18,thoughts;financing;options;someone,General,yes
2015-10-09-the-long-term-value-of-a-company-is-ultimately.md,The long-term value of a company is ultimately ...,50,company;long;term;value;ultimately,General,no
2015-10-15-were-looking-at-a-shortage-thats-projected-i.md,‚ÄúWe‚Äôre looking at a shortage that‚Äôs projected i...,17,shortage;projected,General,yes
2015-10-19-innovation-in-an-existing-company-is-not-just-t.md,Innovation in an existing company is not just t...,62,company;innovation;existing,General,no
2015-10-20-failure-is-the-key-to-success-each-mistake-tea.md,Failure is the key to success; each mistake tea...,20,failure;key;success;mistake;tea,General,no
2015-10-28-in-order-to-protect-the-team-you-have-to-go-ag.md,"In order to protect the team, you have to go ag...",98,team;order;protect,Leadership & Culture,no
2015-11-02-it-would-be-cool-having-real-time-updates-for-b.md,It would be cool having real time updates for b...,45,cool;having;real;time;updates,General,no
2016-01-11-nice-guys-to-work-with-and-even-better-if-you.md,Nice guys to work with (and even better if you ...,18,guys;work;better,General,yes
2016-02-19-at-pocket-media-we-are-looking-for-a-new-collea.md,At Pocket Media we are looking for a new collea...,45,pocket;media;new;collea,General,yes
2016-02-22-if-you-are-around-the-mwc-in-barcelona-go-and.md,"If you are around the MWC in Barcelona, go and ...",21,around;mwc;barcelona,General,yes
2016-04-13-native-ads-or-another-chance-to-make-ads-right-for.md,Native Ads or another chance to make ads right for the users,405,native;ads;chance;right;users,General,no
2016-08-10-we-have-many-job-openings-active-at-pocket-in.md,"We have many job openings active at Pocket, in ...",62,hiring;active;pocket,Career & Hiring,yes
2017-01-02-the-doing-mindset-what-can-i-do-right-now-to.md,The doing mindset: \,26,doing;mindset,General,yes
2017-01-03-liked-day-4-big-data-on-aws-redshift-emr.md,Liked \,15,,General,yes
2017-01-03-so-the-next-logical-step-for-adtech-is-deep-le.md,So the next logical step for adtech is \,39,next;logical;step;adtech,General,yes
2017-01-04-better-more-honest-and-useful-ads-will-respond.md,"Better, more honest and useful ads will respond...",100,better;honest;useful;ads;respond,General,no
2017-01-06-liked-real-time-data-processing-using-aws-lamb.md,Liked \,10,,General,yes
2017-01-09-liked-deep-dive-and-best-practices-for-real-ti.md,Liked \,13,,General,yes
2017-01-18-by-focusing-on-less-you-give-yourself-the-time.md,"By focusing on less, you give yourself the time...",57,focusing;less;give;yourself;time,General,no
2017-02-01-liked-the-mobile-native-advertising-landscape.md,Liked \,10,,General,yes
2017-02-02-also-in-tech-were-in-the-hunt-for-many-positio.md,Also in tech we're in the hunt for many positio...,20,technology;we're;hunt;positio,Engineering & Product,yes
2017-02-23-above-all-well-all-need-greater-literacy-ab.md,"> Above all, we'll all need greater literacy ab...",67,above;we'll;greater;literacy,General,no
2017-03-19-last-week-i-had-a-talk-in-spanish-with-jlia.md,Last week I had a talk (in Spanish) with J√∫lia ...,51,talk;last;week;spanish;lia,Events & Community,no
2017-04-19-liked-netflix-and-containers-titus-on-slide.md,Liked \,7,,General,yes
2017-04-24-liked-streaming-data-analytics-with-amazon-kin.md,Liked \,12,,General,yes
2017-05-31-at-pocket-were-redefining-out-technology-stack.md,At Pocket we're redefining out technology stack...,114,technology;pocket;we're;redefining;stack,Engineering & Product,yes
2017-06-16-one-of-the-biggest-efforts-we-make-at-pocket-me.md,One of the biggest efforts we make at Pocket Me...,77,biggest;efforts;pocket,General,no
2017-06-26-loved-this-quote-most-of-the-successful-proje.md,Loved this quote: \,44,quote,General,no
2017-08-07-liked-deep-dive-redshift-with-a-focus-on-perf.md,Liked \,11,,General,yes
2017-08-15-in-order-to-surmount-the-diversity-of-problems.md,In order to surmount the diversity of problems ...,38,order;surmount;diversity;problems,General,yes
2017-08-17-liked-real-time-analytics-with-druid-at-appsfl.md,Liked \,10,,General,yes
2017-08-17-liked-scalable-real-time-analytics-using-druid.md,Liked \,9,,General,yes
2017-08-24-liked-building-a-big-data-pipeline-on-slideshare.md,Liked \,8,,General,yes
2017-09-21-very-interesting-read-about-how-logitech-went-f.md,Very interesting read about how Logitech went f...,61,reading;interesting;logitech;went,Learning & Growth,no
2017-10-18-a-super-interesting-product-looking-for-a-super.md,A super interesting product looking for a super...,10,product;super;interesting,Engineering & Product,yes
2017-10-29-yes-youre-an-imposterso-am-i-and-so-is-every.md,"Yes, you're an imposter.So am I and so is every...",27,yes;you're;imposter;every,General,yes
2017-11-05-whats-up-now-with-those-made-up-inspirational.md,What's up now with those made up \,47,what's,General,no
2017-11-08-how-a-cc-in-anemail-says-so-muchletting-your.md,How a cc in an¬†email says so much.Letting your ...,22,email;says;letting,General,yes
2017-12-11-but-culture-change-cant-be-achieved-through-to.md,But culture change can‚Äôt be achieved through to...,48,culture;change;achieved;through,Leadership & Culture,no
2018-01-25-next-february8th-emakinanlwill-host-a-meetu.md,"Next February¬†8th, Emakina.NL¬†will host a meetu...",42,next;february;emakina;host;meetu,General,no
2018-01-29-another-meetup-organized-at-emakinanl.md,Another meetup organized at Emakina.NL!,32,meetup;organized;emakina,Events & Community,yes
2018-02-26-uxers-join-us-in-our-quest-to-have-happy-users.md,"UX'ers, join us in our quest to have happy users!",10,ux'ers;join;quest;happy;users,General,yes
2018-03-02-talent-is-overrated-attitude-before-aptitude.md,Talent is overrated. Attitude before aptitude!,43,career;overrated;attitude;aptitude,Career & Hiring,no
2018-03-02-talent-is-overratedattitude-before-aptitudewh.md,Talent is overrated.Attitude before aptitude!Wh...,43,career;overrated;attitude;aptitude,Career & Hiring,no
2018-04-23-not-a-bad-way-to-start-the-weekendif-you-want.md,Not a bad way to start the weekend!If you want ...,32,bad;way;start;weekend,General,yes
2018-06-16-last-friday-night-tgif.md,Last Friday Night (T.G.I.F.),496,last;friday;night,General,no
2018-09-04-join-us-for-an-evening-of-nice-company-interes.md,"Join us for an evening of nice company, interes...",15,company;join;evening;interes,General,yes
2018-09-28-come-and-be-my-tech-buddy-ill-help-you-debug.md,Come and be my tech buddy! I'll help you debug ...,29,technology;come;buddy;i'll;help,Engineering & Product,yes
2018-10-10-very-interesting-panel-discussion-yesterday-at.md,Very interesting panel discussion yesterday at ...,221,panel;interesting;discussion,Events & Community,no
2018-11-07-together-with-my-colleagues-at-emakinanl-were.md,Together with my colleagues at Emakina.NL we're...,50,team;together;emakina;we're,Leadership & Culture,no
2019-03-16-as-in-many-other-cities-housing-in-amsterdam-i.md,"As in many other cities, housing in Amsterdam i...",141,amsterdam;other;cities;housing,Work & Life,no
2019-04-28-when-working-in-a-remote-environment-its-so-ea.md,When working in a remote environment it's so ea...,80,remote-work;working;environment;it's,Work & Life,no
2019-11-07-first-month-at-vanmoof-first-bike-recovered-fr.md,"First month at VanMoof, first bike recovered fr...",85,bike;first;month;vanmoof;recovered,Work & Life,no
2019-11-25-based-on-the-of-people-that-i-know-that-work.md,Based on the % of people that I know that work ...,52,based;people;work,General,no
2020-01-30-whos-up-to-the-challenge-of-helping-people-get.md,Who's up to the challenge of helping people get...,63,who's;challenge;helping;people;get,General,no
2020-04-10-very-nice-open-source-project-for-diy-de-contam.md,Very nice open source project for DIY de-contam...,12,open;source;project;diy;contam,General,yes
2020-05-06-it-felt-that-participating-in-the-launch-of-the.md,It felt that participating in the launch of the...,154,felt;participating;launch,General,no
2020-05-29-uncertain-times-ahead-covid19-changing-everyth.md,"Uncertain times ahead, covid19 changing everyth...",105,uncertain;times;ahead;covid;changing,General,no
2020-09-21-being-a-direct-b2c-company-where-we-sell-our-bi.md,Being a direct B2C company where we sell our bi...,66,company;direct;sell,General,no
2020-11-04-do-you-have-some-experience-in-frontend-and-you.md,Do you have some experience in frontend and you...,77,experience;frontend,General,no
2021-01-11-for-me-the-key-is-this-point-remaining-techni.md,For me the key is this point: \,113,key;point,General,no
2021-02-16-were-on-the-hunt-again-for-some-good-developers.md,We're on the hunt again for some good developers!,102,developer;we're;hunt;again,Engineering & Product,no
2021-02-17-by-the-way-if-customer-facing-systems-are-you.md,By the way - if customer-facing systems are you...,34,systems;way;customer;facing,Engineering & Product,yes
2021-04-09-nice-to-chat-about-and-everything-around.md,Nice to chat about ‚òÅÔ∏è and everything around!,31,chat;everything;around,General,yes
2021-04-14-probably-the-most-undervalued-skills-of-a-devel.md,Probably the most undervalued skills of a devel...,197,probably;undervalued;skills;devel,General,no
2021-04-19-this-is-why-you-cannot-have-a-team-of-only-supe.md,This is why you cannot have a team of only supe...,87,team;cannot;supe,Leadership & Culture,no
2021-04-28-after-1-year-and-a-half-my-relationship-with-va.md,After 1 year and a half my relationship with Va...,208,year;half;relationship,General,no
2021-05-17-hey-amsterdam-network.md,Hey Amsterdam network ‚ùå‚ùå‚ùå,109,amsterdam;hey;network,Work & Life,yes
2021-06-01-for-short-journeys-bikeisbest-and-how-many.md,For short journeys #bikeisbest :-)And how many ...,18,short;journeys;bikeisbest,General,yes
2021-06-04-fun-fact-about-denmark-birthdays-are-celebrate.md,Fun fact about Denmark: birthdays are celebrate...,86,denmark;fun;fact;birthdays;celebrate,Work & Life,no
2021-06-14-a-very-interesting-article-by-segment-about-dua.md,A very interesting article by Segment about dua...,130,interesting;article;segment;dua,General,no
2021-08-12-i-love-the-ad-that-our-colleagues-in-chile-have.md,I love the ad that our colleagues in Chile have...,69,team;chile,Leadership & Culture,no
2021-09-28-a-reflection-on-one-of-the-changes-that-you-exp.md,A reflection on one of the changes that you exp...,144,reflection;changes;exp,General,no
2021-09-30-how-much-do-you-like-these-kind-of-posts-that-p.md,How much do you like these kind of posts that p...,46,like;kind;posts,General,no
2021-10-06-do-you-know-that-feeling-that-you-get-sometimes.md,Do you know that feeling that you get sometimes...,133,feeling;get;sometimes,General,no
2021-10-11-ive-liked-this-talk-from-randy-shoup-about-how.md,I've liked this talk from Randy Shoup about how...,93,talk;i've;randy;shoup,Events & Community,no
2021-11-18-proud-to-contribute-to-this-cause-and-for-the-o.md,Proud to contribute to this cause and for the o...,91,proud;contribute;cause,General,no
2021-11-19-its-nice-when-you-still-feel-proud-about-your.md,It's nice when you still feel proud about your ...,86,it's;feel;proud,General,no
2021-12-02-not-directly-in-my-team-but-in-my-tribe-merch.md,"Not directly in my team, but in my Tribe (Merch...",70,team;directly;tribe;merch,Leadership & Culture,no
2021-12-02-remember-to-tell-your-colleagues-that-you-appre.md,Remember to tell your colleagues that you appre...,54,team;remember;tell;appre,Leadership & Culture,no
2021-12-21-the-power-of-habit-from-i-hate-running-to-you-are.md,The power of habit: from \,1120,habit;power,Leadership & Culture,no
2021-12-21-this-year-i-culminated-a-process-in-which-i-hav.md,This year I culminated a process in which I hav...,106,process;year;culminated;which;hav,Engineering & Product,no
2021-12-23-2021-has-been-quite-a-year.md,2021 has been... quite a year ü§™,191,quite;year,General,no
2022-01-29-if-theres-something-that-i-hate-with-the-capi.md,If there's something that I HATE (with the capi...,250,there's;something;hate;capi,General,no
2022-02-18-interested-in-high-traffic-nodejs-projects-an.md,"Interested in high traffic node.js projects, an...",70,interested;high;traffic;node;projects,General,no
2022-02-23-nice-to-have-mickael-representing-our-engineeri.md,Nice to have Mickael representing our Engineeri...,114,mickael;representing;engineeri,General,no
2022-02-26-the-unfairness-the-lies-the-false-pretencesh.md,"The unfairness, the lies, the false pretences.H...",173,unfairness;lies;false;pretences,General,no
2022-03-08-at-the-edge-of-a-large-humanitarian-crisis-that.md,At the edge of a large humanitarian crisis that...,64,edge;large;humanitarian;crisis,General,no
2022-04-10-id-rather-interact-with-more-current-x-peopl.md,I'd rather interact with more \,211,i'd;rather;interact,General,no
2022-04-29-do-you-know-that-kind-of-online-profile-that-on.md,Do you know that kind of online profile that on...,202,kind;online;profile,General,no
2022-05-12-what-a-blast-this-event-is.md,What a blast this event is!,79,event;blast,Events & Community,no
2022-05-23-were-hiring-for-a-super-interesting-position.md,"We're hiring for a super interesting position, ...",166,hiring;we're;super;interesting,Career & Hiring,no
2022-06-23-really-exciting-to-get-this-validation-of-the-e.md,Really exciting to get this validation of the e...,63,exciting;get;validation,General,no
2022-06-29-investment-round-announcement-so-many-new-fri.md,Investment round announcement ‚ûù so many new fri...,49,investment;round;announcement;new;fri,General,no
2022-07-22-this-was-quite-a-blast-getting-so-many-colleag.md,This was quite a blast. Getting so many colleag...,114,quite;blast;getting;colleag,General,no
2022-09-30-a-very-interesting-and-unique-position-with-al.md,"A very interesting and unique position, with al...",56,hiring;interesting;unique,Career & Hiring,no
2022-11-03-i-love-working-in-multi-cultural-environments.md,"I love working in multi cultural environments, ...",369,working;multi;cultural;environments,General,no
2022-11-17-you-will-start-seeing-these-beauties-soon-at-th.md,You will start seeing these beauties soon at th...,78,start;seeing;beauties;soon,General,no
2022-11-20-being-able-to-define-something-makes-conversati.md,Being able to define something makes conversati...,368,define;something;makes;conversati,General,no
2022-11-27-this-weekend-ive-got-to-play-with-midjourneys.md,This weekend I've got to play with Midjourney's...,292,weekend;i've;got;play;midjourney's,General,no
2022-12-10-one-of-the-best-things-to-work-at-sumup-is-to-s.md,One of the best things to work at SumUp is to s...,213,sumup;best;work,Fintech & Business,no
2022-12-17-with-copenhagen-fully-covered-in-snow-and-ice-l.md,With Copenhagen fully covered in snow and ice l...,263,copenhagen;fully;covered;snow;ice,Work & Life,no
2023-01-02-interesting-to-see-how-a-piece-of-software-engi.md,Interesting to see how a piece of software engi...,195,software;interesting;see;piece;engi,Engineering & Product,no
2023-01-02-one-reflection-to-start-the-year-instead-of-se.md,One reflection to start the year: instead of se...,71,reflection;start;year;instead,General,no
2023-01-05-jodies-team-global-bank-is-really-global.md,"Jodie's team (Global Bank) is really global üåè, ...",49,team;banking;jodie's;global,Leadership & Culture,no
2023-01-08-taking-some-time-off-and-resting-until-you-almo.md,Taking some time off and resting until you almo...,328,time;off;resting;until;almo,General,no
2023-01-18-one-of-the-chores-i-did-this-holiday-break-wa.md,One of the \,168,,General,no
2023-01-23-edited-as-this-is-not-coming-soon-but-yo.md,Edited‚úçÔ∏è - as this is not \,88,edited,General,no
2023-02-02-the-first-follower-is-an-underestimated-form-of.md,The first follower is an underestimated form of...,71,first;follower;underestimated;form,General,no
2023-02-12-dont-partner-with-cynics-and-pessimiststheir.md,Don‚Äôt partner with cynics and pessimists.Their ...,211,don;partner;cynics;pessimists,General,no
2023-02-19-genchi-genbutsu-go-and-see.md,Genchi Genbutsu: \,281,genchi;genbutsu,General,no
2023-02-23-with-the-surge-of-search-engines-we-had-the-ris.md,With the surge of Search Engines we had the ris...,88,surge;search;engines;ris,General,no
2023-03-05-if-i-wouldnt-already-be-working-with-jan-alth.md,If I wouldn't already be working with Jan (alth...,64,wouldn't;already;working;jan;alth,General,no
2023-03-08-breaking-sterotypes-one-business-at-a-time.md,"üëè breaking sterotypes, one business at a time!",7,business;breaking;sterotypes;time,General,yes
2023-03-11-reading-primal-leadership-there-has-been-a-yes.md,Reading Primal Leadership there has been a \,177,reading;leadership;primal,Leadership & Culture,no
2023-03-21-what-a-journey-rebuilding-a-technology-product.md,What a journey: rebuilding a technology product...,94,technology;product;journey;rebuilding,Engineering & Product,no
2023-03-22-while-one-could-think-why-celebrate-if-were-e.md,While one could think \,51,think,General,no
2023-03-24-or-if-you-were-luckier-be-the-leader-that-yo.md,Or if you were luckier... be the leader that yo...,44,leadership;luckier,Leadership & Culture,no
2023-03-27-interactions-like-this-really-make-my-day-to-da.md,Interactions like this really make my day to da...,62,interactions;like;day,General,no
2023-04-14-it-was-really-nice-to-host-the-meetup-in-our-of.md,It was really nice to host the meetup in our of...,81,meetup;host,Events & Community,no
2023-04-29-im-a-big-fan-of-ted-lassonot-only-the-apple-t.md,I'm a big fan of Ted Lasso.Not only the Apple T...,457,i'm;big;fan;ted;lasso,General,no
2023-05-04-i-met-zahra-during-the-react-meetup-we-hosted-i.md,I met Zahra during the React meetup we hosted i...,59,meetup;met;zahra;during;react,Events & Community,no
2023-05-28-developing-our-empathy-to-be-better-colleagues-and.md,Developing our empathy to be better colleagues and leaders,560,empathy;team;developing;better;leaders,Leadership & Culture,no
2023-05-28-ive-written-a-small-article-on-a-topic-i-usual.md,I've written a small article on a topic I usual...,94,i've;written;small;article;topic,General,no
2023-06-07-it-was-a-delight-to-talk-with-elliot-from-engin.md,It was a delight to talk with Elliot from Engin...,78,talk;delight;elliot;engin,Events & Community,no
2023-06-22-when-someone-has-gone-from-zero-to-hero-in-cont.md,When someone has gone from zero to hero in cont...,83,someone;gone;zero;hero;cont,General,no
2023-07-15-great-recap-by-our-david-of-the-results-of-the.md,Great recap by our David of the results of the ...,57,recap;david;results,General,no
2023-07-18-this-is-a-sad-outcome-although-not-surprising.md,This is a sad outcome - although not surprising...,163,sad;outcome;although;surprising,General,no
2023-07-26-new-podcast-announcement-this-was-a-quite-n.md,New podcast announcement üéôÔ∏è: This was a quite n...,79,podcast;new;announcement;quite,Events & Community,no
2023-08-02-if-you-are-looking-for-a-new-role-in-multiple.md,If you are looking for a new role (in multiple ...,42,hiring;new;multiple,Career & Hiring,no
2023-08-06-if-youre-looking-for-your-next-summer-read-m.md,If you're looking for your next summer read - m...,192,reading;you're;next;summer,Learning & Growth,no
2023-08-16-here-we-go-to-a-new-country-now-were-pres.md,"Here we go, to a new country üá¶üá∫ü¶ò!Now we're pres...",29,new;country;we're;pres,General,yes
2023-08-22-hey-vrienden-in-nederland-if-you-want-to.md,"Hey, vrienden in Nederland üá≥üá± - if you want to ...",87,hey;vrienden;nederland,General,no
2023-09-09-really-looking-forward-to-this.md,Really looking forward to this! ü•≥,80,,General,no
2023-09-16-hackweek2023-thats-a-wrap.md,#hackweek2023 - that's a wrap!,211,hackweek;that's;wrap,Events & Community,no
2023-09-18-our-hackweek2023-was-great-to-bond-and-networ.md,"Our #hackweek2023 was great to bond, and networ...",423,hackweek;bond;networ,Events & Community,no
2023-09-22-one-humbling-learning-for-me-working-in-finte.md,One (humbling) learning for me working in Finte...,65,learning;humbling;working;finte,Learning & Growth,no
2023-11-07-remember-put-your-mask-on-first-before-help.md,üõ´ \,439,,General,no
2023-11-19-this.md,This.,126,,General,no
2023-11-19-thisthere-shouldnt-be-a-separate-engineerin.md,This.\,126,,General,no
2023-12-07-in-a-time-where-payments-get-more-expensive-i.md,üí≥ In a time where payments get more expensive i...,112,payments;time;get;expensive,Fintech & Business,no
2023-12-11-more-fuel-to-deliver-on-our-vision-to-create-a.md,More fuel to deliver on our vision: to create a...,65,fuel;deliver;vision;create,General,no
2023-12-17-ive-been-thinking-a-bit-lately-about-setting-a.md,I've been thinking a bit lately about setting a...,93,i've;thinking;bit;lately;setting,General,no
2023-12-17-the-power-of-purposeful-incentives-shaping-behavio.md,The Power of Purposeful Incentives: Shaping Behaviors for Long-Term Success,547,power;purposeful;incentives;shaping;behaviors,General,no
2024-01-05-my-colleague-povilas-jurknas-is-hiring-for-a.md,My colleague Povilas Jurk≈´nas is #hiring for a ...,35,hiring;colleague;povilas;jurk;nas,Career & Hiring,yes
2024-01-09-one-opportunity-of-a-kind.md,üí• One opportunity of a kind!,52,opportunity;kind,Career & Hiring,no
2024-01-17-stop-the-press-ok-now-that-you-have-stopped.md,STOP THE PRESS üõë\,187,stop;press,General,no
2024-01-17-stop-the-press.md,STOP THE PRESS üõë,187,stop;press,General,no
2024-02-14-the-job-itself-is-interesting-high-availabilit.md,The job itself is interesting (high availabilit...,40,hiring;itself;interesting;high;availabilit,Career & Hiring,no
2024-02-19-maybe-you-have-seen-the-sumup-logo-and-beauti.md,üá©üá∞Maybe you have seen the SumUp logo and beauti...,84,sumup;maybe;seen;logo;beauti,Fintech & Business,no
2024-02-26-this.md,This.,56,,General,no
2024-02-26-thiswhen-a-conversation-reaches-by-dm-send-it.md,"This.When a conversation reaches by DM, send it...",56,conversation;reaches;send,General,no
2024-02-29-engineering-managers-in-my-network-the-chance.md,Engineering Managers in my network - the chance...,63,engineering;managers;network;chance,Engineering & Product,no
2024-03-01-new-office-home.md,New office home!,34,office;home;new,Work & Life,yes
2024-03-01-new-office-homesoon-were-ready-for-a-visit.md,New office home!Soon we‚Äôre ready for a visit - ...,34,office;home;new;soon;ready,Work & Life,yes
2024-03-03-if-theres-a-mantra-that-the-teams-i-work-with.md,If there's a mantra that the teams I work with ...,108,team;there's;mantra;work,Leadership & Culture,no
2024-03-03-making-explicit-the-implicit-exploring-parallel-un.md,Making explicit the implicit: Exploring parallel universes while creating alignment,892,making;explicit;implicit;exploring;parallel,General,no
2024-03-26-in-the-hunt-for-a-great-ta-colleague-reach-to.md,In the hunt for a great TA colleague? Reach to ...,25,hunt;colleague;reach,General,yes
2024-03-26-this-was-a-nice-fun-talk-about-communication-du.md,This was a nice fun talk about Communication du...,95,talk;communication;fun,Leadership & Culture,no
2024-03-28-seizing-the-change-moments-of-change-are-perfe.md,Seizing the change: moments of change are perfe...,140,seizing;change;moments;perfe,General,no
2024-05-02-massive-news-from-sumup-as-massive-as-a-stack.md,Massive news from SumUp: as massive as a stack ...,137,sumup;massive;news;stack,Fintech & Business,no
2024-06-18-australia-here-we-come.md,"üá¶üá∫ Australia, here we come! üá¶üá∫",38,australia;come,General,yes
2024-06-22-didactic-transparency.md,Didactic transparency,76,didactic;transparency,General,no
2024-06-22-sometimes-instead-of-reinventing-the-wheel.md,"üí° Sometimes, instead of reinventing the wheel -...",329,sometimes;instead;reinventing;wheel,General,no
2024-07-12-seneca-said-while-we-teach-we-learnit-was.md,"Seneca said, \",105,seneca;said,General,no
2024-07-13-when-you-manage-people-you-are-management-a.md,When you manage people you are \,220,manage;people,General,no
2024-07-26-never-make-fun-of-someone-who-mispronounces-a-w.md,Never make fun of someone who mispronounces a w...,180,never;fun;someone;mispronounces,General,no
2024-08-23-a-mind-shift-to-start-being-part-of-the-solu.md,- üí°A mind shift to start being part of the solu...,198,mind;shift;start;part;solu,General,no
2024-09-03-some-matches-are-just-destined-to-work-when-li.md,Some matches are just destined to work. When Li...,122,matches;destined;work,General,no
2024-09-15-sumups-hackweek-2024-is-a-wrap-and-what-a-bl.md,SumUp's Hackweek 2024 is a wrap - and what a bl...,292,hackweek;sumup's;wrap,Events & Community,no
2024-09-22-simplest-hack-to-improve-your-next-online-mee.md,üé§ Simplest hack to improve your next online mee...,189,simplest;hack;improve;next;online,General,no
2024-09-25-i-keep-my-productivity-high-by-working-for-myse.md,I keep my productivity high by working for myse...,45,keep;productivity;high;working;myse,General,no
2024-10-18-the-facebookization-of-linkedin-continues-a.md,The \,32,,General,yes
2024-10-28-or-how-as-an-industry-we-have-perverted-agil.md,"Or how, as an industry, we have perverted \",57,industry;perverted,General,no
2024-10-29-nice-and-did-you-tell-them.md,Nice! And... did you tell them?\,147,did;tell,General,yes
2024-10-29-niceand-did-you-tell-them-thats-what-yo.md,Nice!And... did you tell them?\,147,did;tell,General,no
2024-11-10-very-excited-to-be-invited-to-the-panel-to-disc.md,Very excited to be invited to the panel to disc...,44,panel;excited;invited;disc,Events & Community,no
2024-12-18-its-not-only-engineering-positions-in-copenhag.md,It's not only engineering positions in Copenhag...,28,engineering;hiring;it's;copenhag,Career & Hiring,yes
2025-01-02-sunsetting-2024-with-some-relax-and-thankfulness.md,Sunsetting 2024 with some relax‚Ä¶ and thankfulness!,277,sunsetting;relax;thankfulness,General,no
2025-01-16-were-hiring-at-sumup-in-copenhagen-now-for.md,We‚Äôre #hiring at SumUp in Copenhagen - now for ...,35,hiring;sumup;copenhagen,Career & Hiring,yes
2025-01-28-would-you-like-to-elevate-the-quality-of-your-w.md,Would you like to elevate the quality of your w...,88,like;elevate;quality,General,no
2025-01-29-do-you-know-the-creepy-feeling-of-entering-a-ca.md,Do you know the creepy feeling of entering a ca...,82,creepy;feeling;entering,General,no
2025-02-04-leadership-isnt-about-staying-in-the-spotlight.md,Leadership isn't about staying in the spotlight...,433,leadership;isn't;staying;spotlight,Leadership & Culture,no
2025-02-21-sharing-for-my-amsterdam-network-it-mobile-dev.md,Sharing for my #amsterdam network it mobile dev...,24,amsterdam;sharing;network;mobile;dev,Work & Life,yes
2025-02-27-leadership-isnt-a-job-title-management-is.md,Leadership isn‚Äôt a job title. Management is.¬†üß≠\,270,leadership;hiring;isn;title,Career & Hiring,no
2025-03-10-people-your-engagement-ai-automations-are-ge.md,"People, your \",159,people,General,no
2025-03-21-i-have-a-very-dense-book-recommendation-for-y.md,I have a (very dense) book recommendation for y...,392,book;dense;recommendation,Learning & Growth,no
2025-04-01-weve-all-been-there-you-want-to-communicate-e.md,We've all been there: you want to communicate e...,142,we've;communicate,General,no
2025-05-07-vibe-coding-has-made-programming-fun-for-me-aga.md,Vibe coding has made programming fun for me aga...,424,code;vibe;programming;fun;aga,Engineering & Product,no
2025-05-19-today-in-vibe-coding-adventures-ive-direct.md,"Today, in \",199,,General,no
2025-05-21-great-day-of-ai-talks-organized-by-ida-in-thei.md,"Great day of AI talks organized by IDA, in thei...",230,day;talks;organized;ida;thei,General,no
2025-05-26-latest-vibe-coding-fun-httpslnkdindyrcdk.md,ü™ÑLatest vibe coding fun: https://lnkd.in/dYrcdK...,161,code;latest;vibe;fun;https,Engineering & Product,no
2025-06-16-i-bet-that-this-will-paint-a-familiar-picture.md,I bet that this will paint a familiar picture. ...,110,bet;paint;familiar;picture,General,no
2025-06-16-swapping-tools-to-fix-systemic-issues.md,üîß Swapping Tools to Fix Systemic Issues?,662,swapping;tools;fix;systemic;issues,General,no
2025-06-19-i-dont-know-who-needs-to-hear-this-but-i-wou.md,I don't know who needs to hear this - but I wou...,176,don't;needs;hear;wou,General,no
2025-06-27-today-is-a-weird-day-for-me-as-it-is-my-last.md,"ü•≤ Today is a weird day for me, as it is my last...",254,weird;day;last,General,no
2025-07-01-the-update-you-were-expecting-what-comes-next.md,The update you were expecting: what comes next?...,225,expecting;comes;next,General,no
2025-07-30-i-bring-a-new-book-recommendation-especially-f.md,"I bring a new book recommendation, especially f...",90,book;bring;new;recommendation;especially,Learning & Growth,no
2025-07-30-why-engineers-need-alchemy-beyond-factual-correctn.md,ü¶Ñ Why Engineers Need \,560,engineering,Engineering & Product,no
2025-08-27-two-months-in-at-worksome-first-job-alert.md,"üö® Two months in at Worksome, first job alert üéâ\",130,hiring;two;months;worksome;first,Career & Hiring,no
2025-08-28-these-thoughts-from-sam-have-resonated-with-me.md,These thoughts from Sam have resonated with me ...,202,thoughts;sam;resonated,General,no
2025-08-29-the-most-overlooked-professional-skill-that-you.md,The most overlooked professional skill that you...,185,overlooked;professional;skill,General,no
2025-09-28-frustrated-your-team-wont-changethe-solution.md,Frustrated your team won't change?The solution ...,249,team;frustrated;won't;change;solution,Leadership & Culture,no
2025-10-18-you-might-be-outraged-at-the-wrong-thing-about-ai.md,ü§¨You might be outraged at the wrong thing about AI,200,might;outraged;wrong,General,no
